<?xml version="1.0" encoding="UTF-8"?>
<project-private xmlns="http://www.netbeans.org/ns/project-private/1">
    <editor-bookmarks xmlns="http://www.netbeans.org/ns/editor-bookmarks/2" lastBookmarkId="0"/>
    <open-files xmlns="http://www.netbeans.org/ns/projectui-open-files/2">
        <group>
            <file>file:/C:/Users/ahmed/Desktop/SocketProgramming/src/socketprogramming/SClient.java</file>
            <file>file:/C:/Users/ahmed/Desktop/SocketProgramming/src/socketprogramming/Client.java</file>
            <file>file:/C:/Users/ahmed/Desktop/SocketProgramming/src/socketprogramming/Chat.java</file>
            <file>file:/C:/Users/ahmed/Desktop/SocketProgramming/src/socketprogramming/Login.java</file>
            <file>file:/C:/Users/ahmed/Desktop/SocketProgramming/src/socketprogramming/JDBC.java</file>
            <file>file:/C:/Users/ahmed/Desktop/SocketProgramming/src/socketprogramming/Server.java</file>
            <file>file:/C:/Users/ahmed/Desktop/SocketProgramming/src/socketprogramming/Signup.java</file>
            <file>file:/C:/Users/ahmed/Desktop/SocketProgramming/src/socketprogramming/Projects.java</file>
        </group>
    </open-files>
</project-private>
